[
{
  "question": "Was versteht man unter einem Projekt?",
  "options": [
    " Option1",
    "Was versteht man unter einem Projekt? Option2",
    "Was versteht man unter einem Projekt? Option3",
    "Was versteht man unter einem Projekt? Option4"
  ],
  "correctAnswer": "Ein Projekt ist ein zeitlich begrenztes Einzelvorhaben mit einem definierbaren Anfang und Ende, das sich durch die Einzigartigkeit der Bedingungen auszeichnet.",
  "quelle": "www.google.de"
},
{
  "question": "Als Projekt wird jedes ... mit einem definierbaren Anfang und Ende bezeichnet",
  "options": [
    "Als Projekt wird jedes ... mit einem definierbaren Anfang und Ende bezeichnet. Option1",
    "Als Projekt wird jedes ... mit einem definierbaren Anfang und Ende bezeichnet. Option2",
    "Als Projekt wird jedes ... mit einem definierbaren Anfang und Ende bezeichnet. Option3",
    "Als Projekt wird jedes ... mit einem definierbaren Anfang und Ende bezeichnet. Option4"
  ],
  "correctAnswer": "Einzelvorhaben",
  "quelle": "www.google.de"
},
{
  "question": "Welche typischen Begrenzungen gibt es bei einem Projekt?",
  "options": [
    "Welche typischen Begrenzungen gibt es bei einem Projekt? Option1",
    "Welche typischen Begrenzungen gibt es bei einem Projekt? Option2",
    "Welche typischen Begrenzungen gibt es bei einem Projekt? Option3",
    "Welche typischen Begrenzungen gibt es bei einem Projekt? Option4"
  ],
  "correctAnswer": "Typische Begrenzungen bei Projekten sind Budget, Zeit und Ressourcen.",
  "quelle": "www.google.de"
},
  {
  "question": "Was zeichnet Projekte im Vergleich zu Routineaufgaben aus?",
  "options": [
    "Was zeichnet Projekte im Vergleich zu Routineaufgaben aus? Option1",
    "Was zeichnet Projekte im Vergleich zu Routineaufgaben aus? Option2",
    "Was zeichnet Projekte im Vergleich zu Routineaufgaben aus? Option3",
    "Was zeichnet Projekte im Vergleich zu Routineaufgaben aus? Option4"
  ],
  "correctAnswer": "Im Gegensatz zu routinemäßigen Aufgaben zeichnen sich Projekte durch Unwägbarkeiten und Einmaligkeit der Bedingungen aus.",
  "quelle": "www.google.de"
},
  {
  "question": "Was versteht man unter dem primären Projektziel??",
  "options": [
    "Was versteht man unter dem primären Projektziel? Option1",
    "Was versteht man unter dem primären Projektziel? Option2",
    "Was versteht man unter dem primären Projektziel? Option3",
    "Was versteht man unter dem primären Projektziel? Option4"
  ],
  "correctAnswer": "Das übergeordnete Ziel, das der Sinn und Zweck des Projekts ist.",
  "quelle": "www.google.de"
},

{
  "question": "Was versteht man unter den sekundären Projektzielen?",
  "options": [
    "Was versteht man unter den sekundären Projektzielen? Option1",
    "Was versteht man unter den sekundären Projektzielen? Option2",
    "Was versteht man unter den sekundären Projektzielen? Option3",
    "Was versteht man unter den sekundären Projektzielen? Option4"
  ],
  "correctAnswer": "Untergeordnete Teilziele, die das Erreichen des Primärziels unterstützen.",
  "quelle": "www.google.de"
},
{
  "question": "Warum sind Projektziele wichtig?",
  "options": [
    "Warum sind Projektziele wichtig? Option1",
    "Warum sind Projektziele wichtig? Option2",
    "Warum sind Projektziele wichtig? Option3",
    "Warum sind Projektziele wichtig? Option4"
  ],
  "correctAnswer": "Ohne Ziel fehlt die Ausrichtung, ohne untergeordnete Ziele die Messbarkeit des Projekterfolgs.",
  "quelle": "www.google.de"
},
  {
  "question": "Was ist Projektmanagement?",
  "options": [
    "Was ist Projektmanagement? Option1",
    "Was ist Projektmanagement? Option2",
    "Was ist Projektmanagement? Option3",
    "Was ist Projektmanagement? Option4"
  ],
  "correctAnswer": "Die Analyse, Planung, Durchführung und Bewertung von Projekten.",
  "quelle": "www.google.de"
},
{
  "question": "Warum brauchen wir Projektmanagement?",
  "options": [
    "Warum brauchen wir Projektmanagement? Option1",
    "Warum brauchen wir Projektmanagement? Option2",
    "Warum brauchen wir Projektmanagement? Option3",
    "Warum brauchen wir Projektmanagement? Option4"
  ],
  "correctAnswer": "Projektmanagement sichert den Projekterfolg innerhalb von Zeit, Kosten und Qualität.",
  "quelle": "www.google.de"
},
{
  "question": "Wie sollten Ziele am besten definiert werden?",
  "options": [
    "Wie sollten Ziele am besten definiert werden? Option1",
    "Wie sollten Ziele am besten definiert werden? Option2",
    "Wie sollten Ziele am besten definiert werden? Option3",
    "Wie sollten Ziele am besten definiert werden? Option4"
  ],
  "correctAnswer": "Durch die SMART-Methode",
  "quelle": "www.google.de"
},
  {
  "question": "Für was steht das S?",
  "options": [
    "Für was steht das S? Option1",
    "Für was steht das S? Option2",
    "Für was steht das S? Option3",
    "Für was steht das S? Option4"
  ],
  "correctAnswer": "S - Spezifisch (konkret und detailliert formuliert)",
  "quelle": "www.google.de"
},
  {
  "question": "Für was steht das M?",
  "options": [
    "Für was steht das M? Option1",
    "Für was steht das M? Option2",
    "Für was steht das M? Option3",
    "Für was steht das M? Option4"
  ],
  "correctAnswer": "M - Messbar (anhand von Indikatoren überprüfbar)",
  "quelle": "www.google.de"
},
{
  "question": "Für was steht das A?",
  "options": [
    "Für was steht das A? Option1",
    "Für was steht das A? Option2",
    "Für was steht das A? Option3",
    "Für was steht das A? Option4"
  ],
  "correctAnswer": "A - Attraktiv (motivierend und anspruchsvoll)",
  "quelle": "www.google.de"
},
{
  "question": "Für was steht das R?",
  "options": [
    "Für was steht das R? Option1",
    "Für was steht das R? Option2",
    "Für was steht das R? Option3",
    "Für was steht das R? Option4"
  ],
  "correctAnswer": "R - Realistisch (machbar und angemessen)",
  "quelle": "www.google.de"
},
  {
  "question": "Für was steht das T?",
  "options": [
    "Für was steht das T? Option1",
    "Für was steht das T? Option2",
    "Für was steht das T? Option3",
    "Für was steht das T? Option4"
  ],
  "correctAnswer": "T - Terminiert (mit klarem Zeitrahmen)",
  "quelle": "www.google.de"
},
  {
  "question": "Was passiert in der Initialisierungsphase / im Projektstart?",
  "options": [
    "Was passiert in der Initialisierungsphase / im Projektstart? Option1",
    "Was passiert in der Initialisierungsphase / im Projektstart? Option2",
    "Was passiert in der Initialisierungsphase / im Projektstart? Option3",
    "Was passiert in der Initialisierungsphase / im Projektstart? Option4"
  ],
  "correctAnswer": "Die Initiierungsphase ist die erste Phase eines Projekts, in der das Projekt offiziell gestartet wird. Hier werden die Projektziele, der Umfang und der Zweck definiert.",
  "quelle": "www.google.de"
},
{
  "question": "Welche Inhalte hat die Planungsphase?",
  "options": [
    "Welche Inhalte hat die Planungsphase? Option1",
    "Welche Inhalte hat die Planungsphase? Option2",
    "Welche Inhalte hat die Planungsphase? Option3",
    "Welche Inhalte hat die Planungsphase? Option4"
  ],
  "correctAnswer": "Die Planungsphase ist die Phase, in der der Projektplan erstellt wird, einschließlich Zeitplan, Budget, Ressourcen und Risikomanagement.",
  "quelle": "www.google.de"
},
{
  "question": "Was ist die Ausführungsphase in einem Projekt?",
  "options": [
    "Was ist die Ausführungsphase in einem Projekt? Option1",
    "Was ist die Ausführungsphase in einem Projekt? Option2",
    "Was ist die Ausführungsphase in einem Projekt? Option3",
    "Was ist die Ausführungsphase in einem Projekt? Option4"
  ],
  "correctAnswer": "Die Ausführungsphase ist die Phase, in der die eigentliche Arbeit am Projekt durchgeführt wird, um die geplanten Ziele zu erreichen.",
  "quelle": "www.google.de"
},
  {
  "question": "Was ist die Überwachungs- und Kontrollphase in einem Projekt?",
  "options": [
    "Was ist die Überwachungs- und Kontrollphase in einem Projekt? Option1",
    "Was ist die Überwachungs- und Kontrollphase in einem Projekt? Option2",
    "Was ist die Überwachungs- und Kontrollphase in einem Projekt? Option3",
    "Was ist die Überwachungs- und Kontrollphase in einem Projekt? Option4"
  ],
  "correctAnswer": "Die Überwachungs- und Kontrollphase beinhaltet das kontinuierliche Überwachen und Messen des Projektfortschritts, um sicherzustellen, dass alles nach Plan verläuft.",
  "quelle": "www.google.de"
},
  {
  "question": "Was ist die Überwachungs- und Kontrollphase in einem Projekt?",
  "options": [
    "Was ist die Überwachungs- und Kontrollphase in einem Projekt? Option1",
    "Was ist die Überwachungs- und Kontrollphase in einem Projekt? Option2",
    "Was ist die Überwachungs- und Kontrollphase in einem Projekt? Option3",
    "Was ist die Überwachungs- und Kontrollphase in einem Projekt? Option4"
  ],
  "correctAnswer": "Die Überwachungs- und Kontrollphase beinhaltet das kontinuierliche Überwachen und Messen des Projektfortschritts, um sicherzustellen, dass alles nach Plan verläuft.",
  "quelle": "www.google.de"
},
{
  "question": "Welche Schritte gehören zum Projektabschluss?",
  "options": [
    "Welche Schritte gehören zum Projektabschluss? Option1",
    "Welche Schritte gehören zum Projektabschluss? Option2",
    "Welche Schritte gehören zum Projektabschluss? Option3",
    "Welche Schritte gehören zum Projektabschluss? Option4"
  ],
  "correctAnswer": "Abnahme, Projektanalyse und -bewertung.",
  "quelle": "www.google.de"
},
{
  "question": "Nenne zwei wichtige Instrumente für die Projektplanung",
  "options": [
    "Nenne zwei wichtige Instrumente für die Projektplanung Option1",
    "Nenne zwei wichtige Instrumente für die Projektplanung Option2",
    "Nenne zwei wichtige Instrumente für die Projektplanung Option3",
    "Nenne zwei wichtige Instrumente für die Projektplanung Option4"
  ],
  "correctAnswer": "Lastenheft und Pflichtenheft",
  "quelle": "www.google.de"
},
  {
  "question": "Was ist ein Lastenheft?",
  "options": [
    "Was ist ein Lastenheft? Option1",
    "Was ist ein Lastenheft? Option2",
    "Was ist ein Lastenheft? Option3",
    "Was ist ein Lastenheft? Option4"
  ],
  "correctAnswer": "Ein Lastenheft beschreibt die Anforderungen des Auftraggebers an ein Projekt. Es definiert die Ziele, notwendigen Ergebnisse und Rahmenbedingungen.",
  "quelle": "www.google.de"
},
  {
  "question": "Was ist ein Pflichtenheft?",
  "options": [
    "Was ist ein Pflichtenheft? Option1",
    "Was ist ein Pflichtenheft? Option2",
    "Was ist ein Pflichtenheft? Option3",
    "Was ist ein Pflichtenheft? Option4"
  ],
  "correctAnswer": "Ein Pflichtenheft konkretisiert die Vorgaben aus dem Lastenheft. Es beschreibt detailliert die zu erbringenden Leistungen und Vorgehensweisen.",
  "quelle": "www.google.de"
},
{
  "question": "Welche Unterschiede gibt es zwischen Lasten- und Pflichtenheft?",
  "options": [
    "Option1",
    "Option2",
    "Option3",
    "Option4"
  ],
  "correctAnswer": "Das Lastenheft formuliert die allgemeinen Projektziele. Das Pflichtenheft spezifiziert die Umsetzung durch den Auftragnehmer.",
  "quelle": "www.google.de"
},
{
  "question": "Wozu dienen Lasten- und Pflichtenheft?",
  "options": [
    "Option1",
    "Option2",
    "Option3",
    "Option4"
  ],
  "correctAnswer": "Sie schaffen Klarheit über Projektumfang und -ziele zwischen Kunde und Auftragnehmer.",
  "quelle": "www.google.de"
},
  {
  "question": "Was ist ein Projektplan?",
  "options": [
    "Option1",
    "Option2",
    "Option3",
    "Option4"
  ],
  "correctAnswer": "Ein Projektplan ist ein formelles Dokument, das den gesamten Verlauf eines Projekts darstellt, einschließlich Zeitplan, Budget, Ressourcen, Meilensteine und Risikomanagement.",
  "quelle": "www.google.de"
},
  {
  "question": "Was sind Meilensteine in einem Projekt?",
  "options": [
    "Option1",
    "Option2",
    "Option3",
    "Option4"
  ],
  "correctAnswer": "Meilensteine sind spezifische Punkte im Projektzeitplan, die wichtige Ereignisse oder Phasen markieren. Sie helfen bei der Überwachung des Fortschritts und der Einhaltung des Zeitplans.",
  "quelle": "www.google.de"
},
{
  "question": "Was ist die Risikoanalyse in einem Projekt?",
  "options": [
    "Option1",
    "Option2",
    "Option3",
    "Option4"
  ],
  "correctAnswer": "Die Risikoanalyse ist der Prozess der Identifizierung, Bewertung und Priorisierung von Risiken in einem Projekt, um deren potenzielle Auswirkungen zu verstehen und geeignete Maßnahmen zur Risikominderung zu planen.",
  "quelle": "www.google.de"
},
{
  "question": "Was sind Standards und Normen im Projektmanagement?",
  "options": [
    "Option1",
    "Option2",
    "Option3",
    "Option4"
  ],
  "correctAnswer": "Standards und Normen sind festgelegte Richtlinien und Best Practices, die im Projektmanagement befolgt werden sollen. Sie helfen, die Qualität und Konsistenz in der Projektdurchführung sicherzustellen.",
  "quelle": "www.google.de"
},
  {
  "question": "Was beschreibt das Projektmanagement-Dreieck?",
  "options": [
    "Option1",
    "Option2",
    "Option3",
    "Option4"
  ],
  "correctAnswer": "Den Zielkonflikt zwischen Zeit, Kosten und Qualität bei Projekten.",
  "quelle": "www.google.de"
},
  {
  "question": "Was ist eine Projektwürdigkeitsprüfung?",
  "options": [
    "Option1",
    "Option2",
    "Option3",
    "Option4"
  ],
  "correctAnswer": "Eine Analyse, ob ein Vorhaben als Projekt durchgeführt werden sollte oder nicht.",
  "quelle": "www.google.de"
},
{
  "question": "Wozu dient die Projektwürdigkeitsprüfung?",
  "options": [
    "Option1",
    "Option2",
    "Option3",
    "Option4"
  ],
  "correctAnswer": "Um Vor- und Nachteile einer Projektorganisation gegenüber einer Linienorganisation abzuwägen.",
  "quelle": "www.google.de"
},
{
  "question": "Nach welchen Kriterien erfolgt die Prüfung?",
  "options": [
    "Option1",
    "Option2",
    "Option3",
    "Option4"
  ],
  "correctAnswer": "Einmaligkeit der Aufgabe, Komplexität, strategische Bedeutung, Risiko, Kosten-Nutzen-Verhältnis.",
  "quelle": "www.google.de"
},
  {
  "question": "Was ist eine Stakeholderanalyse?",
  "options": [
    "Option1",
    "Option2",
    "Option3",
    "Option4"
  ],
  "correctAnswer": "Die Identifikation und Klassifizierung aller Projektbeteiligten und Betroffenen.",
  "quelle": "www.google.de"
},
  {
  "question": "Wer sind die Stakeholder eines Projekts?",
  "options": [
    "Option1",
    "Option2",
    "Option3",
    "Option4"
  ],
  "correctAnswer": "Alle Personen und Gruppen, die von einem Projekt betroffen sind.",
  "quelle": "www.google.de"
},
{
  "question": "Welche Stakeholdertypen gibt es?",
  "options": [
    "Option1",
    "Option2",
    "Option3",
    "Option4"
  ],
  "correctAnswer": "Interne und externe, primäre und sekundäre Stakeholder.",
  "quelle": "www.google.de"
},
{
  "question": "Wonach werden Stakeholder klassifiziert?",
  "options": [
    "Option1",
    "Option2",
    "Option3",
    "Option4"
  ],
  "correctAnswer": "Nach ihrem Einfluss auf und ihrer Beeinflussbarkeit durch das Projekt.",
  "quelle": "www.google.de"
},
  {
  "question": "Wozu dient die Stakeholderanalyse?",
  "options": [
    "Option1",
    "Option2",
    "Option3",
    "Option4"
  ],
  "correctAnswer": "Um die Interessen der Betroffenen zu berücksichtigen und das Projekt erfolgreich zu steuern.",
  "quelle": "www.google.de"
},
  {
  "question": "Wozu dient die Risikoanalyse?",
  "options": [
    "Option1",
    "Option2",
    "Option3",
    "Option4"
  ],
  "correctAnswer": "Zur Identifikation, Bewertung und Reaktion auf Projektrisiken.",
  "quelle": "www.google.de"
},
{
  "question": "Wie geht man bei der Risikoanalyse vor?",
  "options": [
    "Option1",
    "Option2",
    "Option3",
    "Option4"
  ],
  "correctAnswer": "Risiken identifizieren, Auswirkungen erschließen, Schadensausmaß und Eintrittswahrscheinlichkeit einschätzen, Maßnahmen festlegen.",
  "quelle": "www.google.de"
},
{
  "question": "Welche Arten von Risiken gibt es?",
  "options": [
    "Option1",
    "Option2",
    "Option3",
    "Option4"
  ],
  "correctAnswer": "Terminrisiken, Kostenrisiken, Qualitätsrisiken, Leistungsrisiken, Organisationsrisiken etc.",
  "quelle": "www.google.de"
},
  {
  "question": "Wie kann man Risiken bewerten?",
  "options": [
    "Option1",
    "Option2",
    "Option3",
    "Option4"
  ],
  "correctAnswer": "Anhand einer Risikomatrix mit Eintrittswahrscheinlichkeit und Schadensausmaß.",
  "quelle": "www.google.de"
},
  {
  "question": "Wozu dient Ressourcenmanagement?",
  "options": [
    "Option1",
    "Option2",
    "Option3",
    "Option4"
  ],
  "correctAnswer": "Zur Planung, Beschaffung und Steuerung aller benötigten Ressourcen.",
  "quelle": "www.google.de"
},
{
  "question": "Welche Ressourcenarten gibt es?",
  "options": [
    "Option1",
    "Option2",
    "Option3",
    "Option4"
  ],
  "correctAnswer": "Personal, Sachmittel, Anlagen, Finanzmittel.",
  "quelle": "www.google.de"
},
{
  "question": "Was umfasst die Ressourcenplanung?",
  "options": [
    "Option1",
    "Option2",
    "Option3",
    "Option4"
  ],
  "correctAnswer": "Bedarfsanalyse, Budgetierung, Kapazitätsplanung.",
  "quelle": "www.google.de"
},
  {
  "question": "Was ist eine Nutzwertanalyse?",
  "options": [
    "Option1",
    "Option2",
    "Option3",
    "Option4"
  ],
  "correctAnswer": "Ein Verfahren zur Bewertung und Auswahl von Handlungsalternativen nach rationalen Kriterien.",
  "quelle": "www.google.de"
},
  {
  "question": "Wozu dient die Nutzwertanalyse?",
  "options": [
    "Option1",
    "Option2",
    "Option3",
    "Option4"
  ],
  "correctAnswer": "Um die beste Alternative für ein Vorhaben objektiv zu ermitteln.",
  "quelle": "www.google.de"
},
{
  "question": "Wie funktioniert die Nutzwertanalyse?",
  "options": [
    "Option1",
    "Option2",
    "Option3",
    "Option4"
  ],
  "correctAnswer": "Bewertungskriterien und Gewichtung definieren, Alternativen bewerten, Ergebnis auswerten.",
  "quelle": "www.google.de"
},
{
  "question": "Wie stellt man sicher, dass die Kundenkommunikation professionell und kundenzufriedenstellend abläuft?",
  "options": [
    "Option1",
    "Option2",
    "Option3",
    "Option4"
  ],
  "correctAnswer": "Durch regelmäßige Schulungen der Mitarbeiter, klare Kommunikationsrichtlinien, Qualitätssicherung der Kommunikation und zeitnahes Feedback der Kunden.",
  "quelle": "www.google.de"
},
  {
  "question": "Welche Aspekte sollte ein gutes Fehlermanagement berücksichtigen?",
  "options": [
    "Option1",
    "Option2",
    "Option3",
    "Option4"
  ],
  "correctAnswer": "Schnelle und genaue Fehleridentifikation, systematische Fehleranalyse, effektive Fehlerbehebung und vorbeugende Maßnahmen zur Fehlervermeidung.",
  "quelle": "www.google.de"
},
  {
  "question": "Wie kann man Fehler systematisch analysieren?",
  "options": [
    "Option1",
    "Option2",
    "Option3",
    "Option4"
  ],
  "correctAnswer": "Durch Erstellen eines Fehlerprotokolls, Reproduzieren des Fehlers, Bestimmen der Fehlerursache, Kategorisieren des Fehlertyps und Dokumentieren der Fehlerlösung.",
  "quelle": "www.google.de"
},
{
  "question": "Was gehört zu einem effektiven Störungsmanagement?",
  "options": [
    "Option1",
    "Option2",
    "Option3",
    "Option4"
  ],
  "correctAnswer": "Rasche Störungserkennung, genaue Analyse der Störungsursache, Behebung der Störung mit geringstmöglichen Ausfallzeiten und vorbeugende Maßnahmen.",
  "quelle": "www.google.de"
},
{
  "question": "Wie kann man Supportanfragen effizient bearbeiten?",
  "options": [
    "Option1",
    "Option2",
    "Option3",
    "Option4"
  ],
  "correctAnswer": "Durch ein Ticket-System mit Priorisierung, klare Zuständigkeiten, zeitnahe Reaktion und regelmäßiges Reporting.",
  "quelle": "www.google.de"
},
  {
  "question": "Welche Informationen sollte ein Ticket beinhalten?",
  "options": [
    "Option1",
    "Option2",
    "Option3",
    "Option4"
  ],
  "correctAnswer": "Kunde, Kontaktdaten, Gerät, Fehlerbeschreibung, zeitlicher Verlauf, Priorität und aktueller Bearbeitungsstatus.",
  "quelle": "www.google.de"
},
  {
  "question": "Was muss bei der Kundenkommunikation beachtet werden?",
  "options": [
    "Option1",
    "Option2",
    "Option3",
    "Option4"
  ],
  "correctAnswer": "Freundlichkeit, Klarheit, Verbindlichkeit, Lösungsorientierung und Dokumentation der Kommunikation.",
  "quelle": "www.google.de"
},
{
  "question": "Wie lässt sich die Kundenzufriedenheit bei Störungen erhöhen?",
  "options": [
    "Option1",
    "Option2",
    "Option3",
    "Option4"
  ],
  "correctAnswer": "Durch schnelle Reaktionszeiten, regelmäßige Updates zum Bearbeitungsstatus, kompetente und freundliche Kommunikation und Angebot von Alternativen.",
  "quelle": "www.google.de"
},
{
  "question": "Was gehört zu vorbeugenden Maßnahmen im Fehlermanagement?",
  "options": [
    "Option1",
    "Option2",
    "Option3",
    "Option4"
  ],
  "correctAnswer": "Regelmäßige Wartung, Monitoring kritischer Komponenten, Backup-Strategie, Ausfallsicherheit und Schulung der Mitarbeiter.",
  "quelle": "www.google.de"
},
  {
  "question": "Wie kann man Supportanfragen priorisieren?",
  "options": [
    "Option1",
    "Option2",
    "Option3",
    "Option4"
  ],
  "correctAnswer": "Anhand der kundenspezifischen SLAs, durch Einschätzung der Kritikalität und des zeitlichen Drucks und durch Abwägung der Ressourcen.",
  "quelle": "www.google.de"
},
  {
  "question": "Was sollte im Störungsmanagement dokumentiert werden?",
  "options": [
    "Option1",
    "Option2",
    "Option3",
    "Option4"
  ],
  "correctAnswer": "Störungsmeldung, Systemkomponenten, Fehlersymptome, Chronologie, durchgeführte Analysen und Lösungsschritte.",
  "quelle": "www.google.de"
},
{
  "question": "Welche Kennzahlen eignen sich zur Qualitätssicherung der Kundenkommunikation?",
  "options": [
    "Option1",
    "Option2",
    "Option3",
    "Option4"
  ],
  "correctAnswer": "Reaktionszeiten, Lösungsquote, Kundenzufriedenheit, Beschwerdequote und Anzahl der Eskalationen.",
  "quelle": "www.google.de"
},
{
  "question": "Wie kann man ein Ticket-System optimal nutzen?",
  "options": [
    "Option1",
    "Option2",
    "Option3",
    "Option4"
  ],
  "correctAnswer": "Mit klarer Struktur, effizienten Workflows, nutzerfreundlicher Oberfläche, Statistikfunktion und Möglichkeit zur Integration.",
  "quelle": "www.google.de"
},
  {
  "question": "Was gehört zu einem strukturierten Fehlermanagement?",
  "options": [
    "Option1",
    "Option2",
    "Option3",
    "Option4"
  ],
  "correctAnswer": "Systematische Fehleridentifikation, -dokumentation und -analyse, klare Verantwortlichkeiten und regelmäßige Fehlerreviews.",
  "quelle": "www.google.de"
},
  {
  "question": "Wie erfolgt ein strukturiertes Störungsmanagement?",
  "options": [
    "Option1",
    "Option2",
    "Option3",
    "Option4"
  ],
  "correctAnswer": "Störungsmeldung, -klassifizierung und -dokumentation, Ursachenanalyse, schrittweise Problembehebung und vorbeugende Maßnahmen.",
  "quelle": "www.google.de"
},
{
  "question": "Wie kann die Effizienz bei der Bearbeitung von Supportanfragen gesteigert werden?",
  "options": [
    "Option1",
    "Option2",
    "Option3",
    "Option4"
  ],
  "correctAnswer": "Durch Wissensdatenbank, Prozessautomatisierung, Skill-based Routing und kontinuierliche Mitarbeiterqualifizierung.",
  "quelle": "www.google.de"
},
{
  "question": "Welche Faktoren beeinflussen die Reaktionszeit bei Störungen?",
  "options": [
    "Option1",
    "Option2",
    "Option3",
    "Option4"
  ],
  "correctAnswer": "Verfügbarkeit kompetenter Mitarbeiter, Fernzugriffsmöglichkeiten, Ersatzteillager, Notfallhandbücher und Redundanzen.",
  "quelle": "www.google.de"
},
  {
  "question": "Wie lässt sich die Kundenzufriedenheit bei der Bearbeitung von Supportanfragen steigern?",
  "options": [
    "Option1",
    "Option2",
    "Option3",
    "Option4"
  ],
  "correctAnswer": "Durch schnelle Reaktion, regelmäßige Statusupdates, kompetente und freundliche Kommunikation und aktives Eingehen auf Kundenwünsche.",
  "quelle": "www.google.de"
},
  {
  "question": "Was gehört zu einem guten Beschwerdemanagement?",
  "options": [
    "Option1",
    "Option2",
    "Option3",
    "Option4"
  ],
  "correctAnswer": "Wertschätzende Entgegennahme, Analyse der Beschwerdeursache, zeitnahe und kundenorientierte Problemlösung und Feedbackschleife.",
  "quelle": "www.google.de"
}











 


  ]
  
