[
{
  "question": "Was versteht man unter einem Projekt?",
  "options": [
    "1. Planen, Vorbereiten und Durchführen von Arbeitsaufgaben in Abstimmung mit den kundenspezifischen Geschäfts- und Leistungsprozessen",
    "Was versteht man unter einem Projekt? Option2",
    "Was versteht man unter einem Projekt? Option3",
    "Was versteht man unter einem Projekt? Option4"
  ],
  "correctAnswer": "Was versteht man unter einem Projekt? Ein Projekt ist ein zeitlich begrenztes Einzelvorhaben mit einem definierbaren Anfang und Ende, das sich durch die Einzigartigkeit der Bedingungen auszeichnet.",
  "quelle": "www.google.de"
},
{
  "question": "Frage2",
  "options": [
    "Option1",
    "Option2",
    "Option3",
    "Option4"
  ],
  "correctAnswer": "Option1",
  "quelle": "www.google.de"
},
{
  "question": "Frage3",
  "options": [
    "Option1",
    "Option2",
    "Option3",
    "Option4"
  ],
  "correctAnswer": "Option1",
  "quelle": "www.google.de"
},
  {
  "question": "Frage4",
  "options": [
    "Option1",
    "Option2",
    "Option3",
    "Option4"
  ],
  "correctAnswer": "Option1",
  "quelle": "www.google.de"
},
  {
  "question": "Frage5",
  "options": [
    "Option1",
    "Option2",
    "Option3",
    "Option4"
  ],
  "correctAnswer": "Option1",
  "quelle": "www.google.de"
}

  ]
  
